,Location,"Latitude, Longitude",Date,Name_en,Name_ko,Latitude,Longitude,Start_date,End_date,Full_Name_en,colors
0,Kilju,"40.963361, 129.320537",6/1/1911 - ,ImOI,임옥인,40.963361,129.320537,6/1/1911,,Im Ok-in,"rgb(141, 5, 5)"
1,Hamhung,"39.991616, 127.612627",1931 -,ImOI,임옥인,39.991616,127.612627,1931,,Im Ok-in,"rgb(141, 5, 5)"
2,Nara,"34.696509, 135.830573",3/1932 - ,ImOI,임옥인,34.696509,135.830573,3/1932,,Im Ok-in,"rgb(141, 5, 5)"
3,Hamhung,"39.991616, 127.612627",1935-,ImOI,임옥인,39.991616,127.612627,1935,,Im Ok-in,"rgb(141, 5, 5)"
4,Wonsan,"39.153670, 127.446306",1937 - ,ImOI,임옥인,39.15367,127.446306,1937,,Im Ok-in,"rgb(141, 5, 5)"
5,Hyesan,"41.388213, 128.176738",1945 - ,ImOI,임옥인,41.388213,128.176738,1945,,Im Ok-in,"rgb(141, 5, 5)"
6,Sindang-dong,"37.563035, 127.023774",1946 - ,ImOI,임옥인,37.563035,127.023774,1946,,Im Ok-in,"rgb(141, 5, 5)"
7,Daegu,"35.870210, 128.600333",1950 - ,ImOI,임옥인,35.87021,128.600333,1950,,Im Ok-in,"rgb(141, 5, 5)"
8,"Seoul, Sinchon-dong","37.562121, 126.946862",1955 - ,ImOI,임옥인,37.562121,126.946862,1955,,Im Ok-in,"rgb(141, 5, 5)"
9,"Seoul, Ssangmun-dong","37.651462, 127.016117",-,ImOI,임옥인,37.651462,127.016117,,,Im Ok-in,"rgb(141, 5, 5)"
10,"Seoul, Jayang-dong","37.540984, 127.079311",1959 -,ImOI,임옥인,37.540984,127.079311,1959,,Im Ok-in,"rgb(141, 5, 5)"
11,"Seoul, Dunchon-dong","37.527432, 127.143874",1960 -,ImOI,임옥인,37.527432,127.143874,1960,,Im Ok-in,"rgb(141, 5, 5)"
12,Vienna,"48.209161, 16.370437",11/1975 - ,ImOI,임옥인,48.209161,16.370437,11/1975,,Im Ok-in,"rgb(141, 5, 5)"
13,Daejeon,"36.355952, 127.342117",12/1975,ImOI,임옥인,36.355952,127.342117,12/1975,,Im Ok-in,"rgb(141, 5, 5)"
14,"Seoul, Jayang-dong","37.540984, 127.079311",1977 - 1978,ImOI,임옥인,37.540984,127.079311,1977,1978,Im Ok-in,"rgb(141, 5, 5)"
15,"Seoul, Jayang-dong","37.540984, 127.079311",4/4/1955,ImOI,임옥인,37.540984,127.079311,4/4/1955,,Im Ok-in,"rgb(141, 5, 5)"
16,"Seoul, Noryangjin","37.511025, 126.941804",09/12/1901,SimHun,심훈,37.511025,126.941804,09/12/1901,,Shim Hoon,"rgb(147, 45, 7)"
17,"Seoul, Hwa-dong ","37.579195, 126.983653",1915-,SimHun,심훈,37.579195,126.983653,1915,,Shim Hoon,"rgb(147, 45, 7)"
18,"Seoul, Seodaemun ","37.574279, 126.956082",1919-,SimHun,심훈,37.574279,126.956082,1919,,Shim Hoon,"rgb(147, 45, 7)"
19,"Seoul, Gahoe-dong","37.580025, 126.984635",1920-,SimHun,심훈,37.580025,126.984635,1920,,Shim Hoon,"rgb(147, 45, 7)"
20,"China, Hangzhou ","30.199040, 120.137625",1921-,SimHun,심훈,30.19904,120.137625,1921,,Shim Hoon,"rgb(147, 45, 7)"
21,Seoul,"37.511025, 126.941804",1923-,SimHun,심훈,37.511025,126.941804,1923,,Shim Hoon,"rgb(147, 45, 7)"
22,"Seoul, Jongno","37.570294, 126.978113",1924-,SimHun,심훈,37.570294,126.978113,1924,,Shim Hoon,"rgb(147, 45, 7)"
23,"Japan,Kyoto","35.024977, 135.741204",02/1927,SimHun,심훈,35.024977,135.741204,02/1927,,Shim Hoon,"rgb(147, 45, 7)"
24,"Seoul, Taepyeongno 1(il)-ga","37.567923, 126.975625",1928-,SimHun,심훈,37.567923,126.975625,1928,,Shim Hoon,"rgb(147, 45, 7)"
25,"Seoul, Jeongdong ","37.568612, 126.974402",1931-,SimHun,심훈,37.568612,126.974402,1931,,Shim Hoon,"rgb(147, 45, 7)"
26,"Seoul, Pyeong-dong ","37.568006, 126.966749",1932- ,SimHun,심훈,37.568006,126.966749,1932,,Shim Hoon,"rgb(147, 45, 7)"
27,"Dangjin-si, Chungcheongnam-do ","36.952625, 126.778488",1932- ,SimHun,심훈,36.952625,126.778488,1932,,Shim Hoon,"rgb(147, 45, 7)"
28,"Seoul, Jongno ","37.572453, 126.983245",1933-,SimHun,심훈,37.572453,126.983245,1933,,Shim Hoon,"rgb(147, 45, 7)"
29,"Dangjin-si, Chungcheongnam-do ","36.952198, 126.771443",1934- ,SimHun,심훈,36.952198,126.771443,1934,,Shim Hoon,"rgb(147, 45, 7)"
30,"Seoul, Yeongeon-dong","37.577749, 126.999876",09/16/1936,SimHun,심훈,37.577749,126.999876,09/16/1936,,Shim Hoon,"rgb(147, 45, 7)"
31,"Chongju, North Pyongan ","39.697498, 125.206807",03/04/1892 ,YiKS,이광수,39.697498,125.206807,03/04/1892 ,,Lee Kwang-soo,"rgb(228, 131, 15)"
32,Nagoya ,"35.125372, 136.884587",1905-,YiKS,이광수,35.125372,136.884587,1905,,Lee Kwang-soo,"rgb(228, 131, 15)"
33,Tokyo,"35.689057, 139.559149",1906-,YiKS,이광수,35.689057,139.559149,1906,,Lee Kwang-soo,"rgb(228, 131, 15)"
34,Tokyo ,"35.637506, 139.731316",1907- ,YiKS,이광수,35.637506,139.731316,1907,,Lee Kwang-soo,"rgb(228, 131, 15)"
35,Chongju,"39.697894, 125.206635",1910- ,YiKS,이광수,39.697894,125.206635,1910,,Lee Kwang-soo,"rgb(228, 131, 15)"
36,Shanghai ,"31.217409, 121.474784",1913- ,YiKS,이광수,31.217409,121.474784,1913,,Lee Kwang-soo,"rgb(228, 131, 15)"
37,Vladivostok,"43.120038, 131.888204",1914-,YiKS,이광수,43.120038,131.888204,1914,,Lee Kwang-soo,"rgb(228, 131, 15)"
38,Tokyo,"35.708707, 139.719659",1915-,YiKS,이광수,35.708707,139.719659,1915,,Lee Kwang-soo,"rgb(228, 131, 15)"
39,Tokyo,"35.708707, 139.719659",1916-,YiKS,이광수,35.708707,139.719659,1916,,Lee Kwang-soo,"rgb(228, 131, 15)"
40,Shanghai ,"31.217409, 121.474784",1920-,YiKS,이광수,31.217409,121.474784,1920,,Lee Kwang-soo,"rgb(228, 131, 15)"
41,"Seoul, Jongno","37.570294, 126.978113",1921-1923,YiKS,이광수,37.570294,126.978113,1921,1923,Lee Kwang-soo,"rgb(228, 131, 15)"
42,"Seoul, Taepyeongno 1(il)-ga","37.567923, 126.975625",1933-,YiKS,이광수,37.567923,126.975625,1933,,Lee Kwang-soo,"rgb(228, 131, 15)"
43,"Seoul, Seodaemun ","37.574279, 126.956082",1937- ,YiKS,이광수,37.574279,126.956082,1937,,Lee Kwang-soo,"rgb(228, 131, 15)"
44,Tokyo ,"35.705384, 139.731885",1942- ,YiKS,이광수,35.705384,139.731885,1942,,Lee Kwang-soo,"rgb(228, 131, 15)"
45,Tokyo ,"35.705384, 139.731885",1943-,YiKS,이광수,35.705384,139.731885,1943,,Lee Kwang-soo,"rgb(228, 131, 15)"
46,Nanjing ,"32.058955, 118.792570",1944-,YiKS,이광수,32.058955,118.79257,1944,,Lee Kwang-soo,"rgb(228, 131, 15)"
47,"Seoul, Seodaemun ","37.574279, 126.956082",1949- ,YiKS,이광수,37.574279,126.956082,1949,,Lee Kwang-soo,"rgb(228, 131, 15)"
48,Chagang-do ,"40.725974, 126.557134",10/25/1950 ,YiKS,이광수,40.725974,126.557134,10/25/1950 ,,Lee Kwang-soo,"rgb(228, 131, 15)"
49,Pyongyang,"39.037055, 125.762013",1/20/1896 - ,KimMS,김명순,39.037055,125.762013,1/20/1896,,Kim Myung-soon,"rgb(150, 125, 11)"
50,Pyongyang,"39.037055, 125.762013",1902-,KimMS,김명순,39.037055,125.762013,1902,,Kim Myung-soon,"rgb(150, 125, 11)"
51,Pyongyang,"39.037055, 125.762013",1904 - ,KimMS,김명순,39.037055,125.762013,1904,,Kim Myung-soon,"rgb(150, 125, 11)"
52,"Seoul, Hyoja-dong","37.581592, 126.971997",1907 - 11/1911,KimMS,김명순,37.581592,126.971997,1907,11/1911,Kim Myung-soon,"rgb(150, 125, 11)"
53,"Tokyo, Kojimachi","35.684397, 139.741625",1913 -,KimMS,김명순,35.684397,139.741625,1913,,Kim Myung-soon,"rgb(150, 125, 11)"
54,"Tokyo, Tokiwadai","35.764891, 139.676988",1915-,KimMS,김명순,35.764891,139.676988,1915,,Kim Myung-soon,"rgb(150, 125, 11)"
55,"Seoul, Taepyeongno 1(il)-ga","37.568088, 126.976562",4/1916 - 3/1917,KimMS,김명순,37.568088,126.976562,4/1916,3/1917,Kim Myung-soon,"rgb(150, 125, 11)"
56,Tokyo ,"35.710133, 139.734464",1918 -1920 ,KimMS,김명순,35.710133,139.734464,1918,1920,Kim Myung-soon,"rgb(150, 125, 11)"
57,Seoul ,"37.564473, 126.976491",1921-1922 사이 귀국,KimMS,김명순,37.564473,126.976491,1921,1922 사이 귀국,Kim Myung-soon,"rgb(150, 125, 11)"
58,Pyongyang,"39.037055, 125.762013",10/1922 - 1/1924,KimMS,김명순,39.037055,125.762013,10/1922,1/1924,Kim Myung-soon,"rgb(150, 125, 11)"
59,Seoul ,"37.564473, 126.976491",1924 - ,KimMS,김명순,37.564473,126.976491,1924,,Kim Myung-soon,"rgb(150, 125, 11)"
60,"Tokyo, Kanda","35.691804, 139.770900",1930 - 1935,KimMS,김명순,35.691804,139.7709,1930,1935,Kim Myung-soon,"rgb(150, 125, 11)"
61,"Tokyo, Chiyoda","35.683243, 139.732299",-,KimMS,김명순,35.683243,139.732299,,,Kim Myung-soon,"rgb(150, 125, 11)"
62,"Tokyo, Chiyoda","35.695743, 139.741431",-,KimMS,김명순,35.695743,139.741431,,,Kim Myung-soon,"rgb(150, 125, 11)"
63,"Seoul, Shinchon","37.559642, 126.943797",8/1936 - ,KimMS,김명순,37.559642,126.943797,8/1936,,Kim Myung-soon,"rgb(150, 125, 11)"
64,Tokyo(?) ,"35.710133, 139.734464",1939 - ,KimMS,김명순,35.710133,139.734464,1939,,Kim Myung-soon,"rgb(150, 125, 11)"
65,Tokyo(?) ,"35.710133, 139.734464",1951-,KimMS,김명순,35.710133,139.734464,1951,,Kim Myung-soon,"rgb(150, 125, 11)"
66,"Kochang, Jeollabuk-do ","35.436115, 126.716735",02/11/1915 ,ImSD,임순득,35.436115,126.716735,02/11/1915 ,,Im Soon-deuk,"rgb(133, 146, 7)"
67,"Seoul, Sinchon-dong","37.562121, 126.946862",01/15/1930,ImSD,임순득,37.562121,126.946862,01/15/1930,,Im Soon-deuk,"rgb(133, 146, 7)"
68,"Seoul, Cheonyeon-dong","37.574577, 126.956050",06/25/1931,ImSD,임순득,37.574577,126.95605,06/25/1931,,Im Soon-deuk,"rgb(133, 146, 7)"
69,"Seoul, Cheongjin-dong","37.571346, 126.980106",04/1932-,ImSD,임순득,37.571346,126.980106,04/1932,,Im Soon-deuk,"rgb(133, 146, 7)"
70,"Seoul, Jongno","37.575864, 126.984857",01/1933-,ImSD,임순득,37.575864,126.984857,01/1933,,Im Soon-deuk,"rgb(133, 146, 7)"
71,"Seoul, Dongdaemun","37.585266, 127.045811",02/20/1933,ImSD,임순득,37.585266,127.045811,02/20/1933,,Im Soon-deuk,"rgb(133, 146, 7)"
72,Jeonju-si,"35.823499, 127.148766",07/04/1933,ImSD,임순득,35.823499,127.148766,07/04/1933,,Im Soon-deuk,"rgb(133, 146, 7)"
73,"Seoul, Gyeonji-dong","37.573003, 126.983053",09~10/1936,ImSD,임순득,37.573003,126.983053,09~10/1936,,Im Soon-deuk,"rgb(133, 146, 7)"
74,"Hoeyang, Kangwon ","38.726197, 127.601379",?? ,ImSD,임순득,38.726197,127.601379,?? ,,Im Soon-deuk,"rgb(133, 146, 7)"
75,"Wonsan, Kangwon ","39.153797, 127.445963",1945-,ImSD,임순득,39.153797,127.445963,1945,,Im Soon-deuk,"rgb(133, 146, 7)"
76,Pyongyang,"39.039613, 125.762740",1947-,ImSD,임순득,39.039613,125.76274,1947,,Im Soon-deuk,"rgb(133, 146, 7)"
77,Songchŏn,"39.236226, 126.212738",1911-,KimNCH,김남천,39.236226,126.212738,1911,,Kim Nam-cheon,"rgb(98, 146, 13)"
78,Pyongyang,"39.038544, 125.764110",1929-,KimNCH,김남천,39.038544,125.76411,1929,,Kim Nam-cheon,"rgb(98, 146, 13)"
79,Tokyo ,"35.695761, 139.741399",1929-,KimNCH,김남천,35.695761,139.741399,1929,,Kim Nam-cheon,"rgb(98, 146, 13)"
80,Pyongyang,"39.038544, 125.764110",1930-,KimNCH,김남천,39.038544,125.76411,1930,,Kim Nam-cheon,"rgb(98, 146, 13)"
81,Seoul ,"37.574467, 126.956082",10/1931,KimNCH,김남천,37.574467,126.956082,10/1931,,Kim Nam-cheon,"rgb(98, 146, 13)"
82,"Seoul, Jongno ","37.572453, 126.983245",1933-,KimNCH,김남천,37.572453,126.983245,1933,,Kim Nam-cheon,"rgb(98, 146, 13)"
83,"Seoul, Dongdaemun ","37.585300, 127.045789",1935-,KimNCH,김남천,37.5853,127.045789,1935,,Kim Nam-cheon,"rgb(98, 146, 13)"
84,North Korea ,"39.039610, 125.764800",1947-,KimNCH,김남천,39.03961,125.7648,1947,,Kim Nam-cheon,"rgb(98, 146, 13)"
85,Wonsan,"39.154329, 127.445964",03/05/1909,MoYS,모윤숙,39.154329,127.445964,03/05/1909,,Mo Yoon-sook,"rgb(41, 88, 14)"
86,Hamhung,"39.981257, 127.613220",1925-,MoYS,모윤숙,39.981257,127.61322,1925,,Mo Yoon-sook,"rgb(41, 88, 14)"
87,Kaesŏng,"37.938449, 126.586522",1927-,MoYS,모윤숙,37.938449,126.586522,1927,,Mo Yoon-sook,"rgb(41, 88, 14)"
88,Seoul,"37.562087, 126.946733",03/1931-,MoYS,모윤숙,37.562087,126.946733,03/1931,,Mo Yoon-sook,"rgb(41, 88, 14)"
89,Longjing,"42.767543, 129.425958",04/1931-,MoYS,모윤숙,42.767543,129.425958,04/1931,,Mo Yoon-sook,"rgb(41, 88, 14)"
90,Seoul,"37.578495, 126.966855",1932-,MoYS,모윤숙,37.578495,126.966855,1932,,Mo Yoon-sook,"rgb(41, 88, 14)"
91,Seoul,"37.581372, 127.048937",1935-,MoYS,모윤숙,37.581372,127.048937,1935,,Mo Yoon-sook,"rgb(41, 88, 14)"
92,New York,"40.713529, -74.004353",06/1948 ,MoYS,모윤숙,40.713529,-74.004353,06/1948 ,,Mo Yoon-sook,"rgb(41, 88, 14)"
93,Paris ,"48.856554, 2.352550",10/1948,MoYS,모윤숙,48.856554,2.35255,10/1948,,Mo Yoon-sook,"rgb(41, 88, 14)"
94,New York,"40.713529, -74.004353",10/1949,MoYS,모윤숙,40.713529,-74.004353,10/1949,,Mo Yoon-sook,"rgb(41, 88, 14)"
95,Busan ,"35.180002, 129.076634",12/1950,MoYS,모윤숙,35.180002,129.076634,12/1950,,Mo Yoon-sook,"rgb(41, 88, 14)"
96,Seoul,"37.562087, 126.946733",1951- ,MoYS,모윤숙,37.562087,126.946733,1951,,Mo Yoon-sook,"rgb(41, 88, 14)"
97,London,"51.506673, -0.127825",02/1954,MoYS,모윤숙,51.506673,-0.127825,02/1954,,Mo Yoon-sook,"rgb(41, 88, 14)"
98,Seoul ,"37.579826, 127.002925",04/1955,MoYS,모윤숙,37.579826,127.002925,04/1955,,Mo Yoon-sook,"rgb(41, 88, 14)"
99,Vienna,"48.210918, 16.371106",06/1955-,MoYS,모윤숙,48.210918,16.371106,06/1955,,Mo Yoon-sook,"rgb(41, 88, 14)"
100,Paris ,"48.856554, 2.352550",08/1972,MoYS,모윤숙,48.856554,2.35255,08/1972,,Mo Yoon-sook,"rgb(41, 88, 14)"
101,Sydney ,"-33.869496, 151.209837",12/1977 ,MoYS,모윤숙,-33.869496,151.209837,12/1977 ,,Mo Yoon-sook,"rgb(41, 88, 14)"
102,Pyongyang,"39.038544, 125.764797",10/14/1900(Lunar),ChuYH,주요한,39.038544,125.764797,10/14/1900(Lunar),,Ju Yo-han,"rgb(44, 227, 26)"
103,Pyongyang,"39.038544, 125.764797",1906-,ChuYH,주요한,39.038544,125.764797,1906,,Ju Yo-han,"rgb(44, 227, 26)"
104,Tokyo,"35.637768, 139.731294",1913-,ChuYH,주요한,35.637768,139.731294,1913,,Ju Yo-han,"rgb(44, 227, 26)"
105,Tokyo,"35.692727, 139.689812",1918-,ChuYH,주요한,35.692727,139.689812,1918,,Ju Yo-han,"rgb(44, 227, 26)"
106,Pyongyang,"39.038544, 125.764797",03/1919,ChuYH,주요한,39.038544,125.764797,03/1919,,Ju Yo-han,"rgb(44, 227, 26)"
107,Tokyo,"35.692727, 139.689812",03/1919,ChuYH,주요한,35.692727,139.689812,03/1919,,Ju Yo-han,"rgb(44, 227, 26)"
108,Shanghai ,"31.217590, 121.474984",05/1919,ChuYH,주요한,31.21759,121.474984,05/1919,,Ju Yo-han,"rgb(44, 227, 26)"
109,Shanghai ,"31.201129, 121.433345",08/1919,ChuYH,주요한,31.201129,121.433345,08/1919,,Ju Yo-han,"rgb(44, 227, 26)"
110,Shanghai ,"31.289717, 121.554032",09/1919,ChuYH,주요한,31.289717,121.554032,09/1919,,Ju Yo-han,"rgb(44, 227, 26)"
111,Pyongyang,"39.038544, 125.764797",1925-,ChuYH,주요한,39.038544,125.764797,1925,,Ju Yo-han,"rgb(44, 227, 26)"
112,Nanjing ,"32.061291, 118.789825",1925-,ChuYH,주요한,32.061291,118.789825,1925,,Ju Yo-han,"rgb(44, 227, 26)"
113,Sariwon,"38.502139, 125.751406",03/19/1926(Lunar),ChuYH,주요한,38.502139,125.751406,03/19/1926(Lunar),,Ju Yo-han,"rgb(44, 227, 26)"
114,Seoul,"37.569749, 126.977929",1926-,ChuYH,주요한,37.569749,126.977929,1926,,Ju Yo-han,"rgb(44, 227, 26)"
115,Nanjing ,"32.061291, 118.789825",1926- ,ChuYH,주요한,32.061291,118.789825,1926,,Ju Yo-han,"rgb(44, 227, 26)"
116,Seoul,"37.569749, 126.977929",1926-,ChuYH,주요한,37.569749,126.977929,1926,,Ju Yo-han,"rgb(44, 227, 26)"
117,Shanghai ,"31.289717, 121.554032",1926- ,ChuYH,주요한,31.289717,121.554032,1926,,Ju Yo-han,"rgb(44, 227, 26)"
118,Seoul,"37.571847, 126.962031",1927-,ChuYH,주요한,37.571847,126.962031,1927,,Ju Yo-han,"rgb(44, 227, 26)"
119,Seoul ,"37.574543, 126.956114",12/1929,ChuYH,주요한,37.574543,126.956114,12/1929,,Ju Yo-han,"rgb(44, 227, 26)"
120,Seoul,"37.567401, 126.989544",1929-,ChuYH,주요한,37.567401,126.989544,1929,,Ju Yo-han,"rgb(44, 227, 26)"
121,Seoul,"37.570892, 126.963925",1931-,ChuYH,주요한,37.570892,126.963925,1931,,Ju Yo-han,"rgb(44, 227, 26)"
122,Incheon ,"37.453207, 126.621365",1932-,ChuYH,주요한,37.453207,126.621365,1932,,Ju Yo-han,"rgb(44, 227, 26)"
123,Seoul,"37.567582, 126.975701",1933-,ChuYH,주요한,37.567582,126.975701,1933,,Ju Yo-han,"rgb(44, 227, 26)"
124,Seoul ,"37.571520, 126.974137",1934-,ChuYH,주요한,37.57152,126.974137,1934,,Ju Yo-han,"rgb(44, 227, 26)"
125,Seoul,"37.571045, 126.983560",1935- ,ChuYH,주요한,37.571045,126.98356,1935,,Ju Yo-han,"rgb(44, 227, 26)"
126,Seoul,"37.575779, 126.984878",1937-,ChuYH,주요한,37.575779,126.984878,1937,,Ju Yo-han,"rgb(44, 227, 26)"
127,Seoul,"37.576226, 126.968756",1941-,ChuYH,주요한,37.576226,126.968756,1941,,Ju Yo-han,"rgb(44, 227, 26)"
128,Anyang ,"37.393715, 126.957140",08/15/1945,ChuYH,주요한,37.393715,126.95714,08/15/1945,,Ju Yo-han,"rgb(44, 227, 26)"
129,Seoul ,"37.576226, 126.968756",10/1945,ChuYH,주요한,37.576226,126.968756,10/1945,,Ju Yo-han,"rgb(44, 227, 26)"
130,Seoul ,"37.566034, 126.995207",1948-,ChuYH,주요한,37.566034,126.995207,1948,,Ju Yo-han,"rgb(44, 227, 26)"
131,Daegu,"35.871750, 128.603084",1951-,ChuYH,주요한,35.87175,128.603084,1951,,Ju Yo-han,"rgb(44, 227, 26)"
132,Busan,"35.182813, 129.072517",1951-,ChuYH,주요한,35.182813,129.072517,1951,,Ju Yo-han,"rgb(44, 227, 26)"
133,Japan ,"36.531833, 138.324909",1952-,ChuYH,주요한,36.531833,138.324909,1952,,Ju Yo-han,"rgb(44, 227, 26)"
134,Changwon,"35.238283, 128.692371",1952- ,ChuYH,주요한,35.238283,128.692371,1952,,Ju Yo-han,"rgb(44, 227, 26)"
135,Seoul ,"37.576226, 126.968756",1954-,ChuYH,주요한,37.576226,126.968756,1954,,Ju Yo-han,"rgb(44, 227, 26)"
136,Seoul ,"37.564136, 126.997944",1958-,ChuYH,주요한,37.564136,126.997944,1958,,Ju Yo-han,"rgb(44, 227, 26)"
137,Seoul ,"37.576226, 126.968756",1961-,ChuYH,주요한,37.576226,126.968756,1961,,Ju Yo-han,"rgb(44, 227, 26)"
138,Athens,"37.984036, 23.729749",1966-,ChuYH,주요한,37.984036,23.729749,1966,,Ju Yo-han,"rgb(44, 227, 26)"
139,Seoul,"37.503473, 127.007729",11/17/1979,ChuYH,주요한,37.503473,127.007729,11/17/1979,,Ju Yo-han,"rgb(44, 227, 26)"
140,Hamhung,"39.991616, 127.612627",1911- ,YiSH,이선희,39.991616,127.612627,1911,,Lee Sun-hee,"rgb(8, 95, 24)"
141,"Seoul, Sinchon-dong","37.562121, 126.946862",1929-1932,YiSH,이선희,37.562121,126.946862,1929,1932,Lee Sun-hee,"rgb(8, 95, 24)"
142,"Seoul, Gyeongun-dong","37.575618, 126.986152",1933-,YiSH,이선희,37.575618,126.986152,1933,,Lee Sun-hee,"rgb(8, 95, 24)"
143,"Seoul, Gye-dong","37.580625, 126.986982",1935-,YiSH,이선희,37.580625,126.986982,1935,,Lee Sun-hee,"rgb(8, 95, 24)"
144,"Seoul, Taepyeongno 1(il)-ga","37.567923, 126.975625",5/1938-,YiSH,이선희,37.567923,126.975625,5/1938,,Lee Sun-hee,"rgb(8, 95, 24)"
145,"Seoul, Seosomun-dong","37.562544, 126.973864",10/1940-,YiSH,이선희,37.562544,126.973864,10/1940,,Lee Sun-hee,"rgb(8, 95, 24)"
146,North Korea ,"40.364257, 127.435060",7/1946-,YiSH,이선희,40.364257,127.43506,7/1946,,Lee Sun-hee,"rgb(8, 95, 24)"
147,"Seoul, Ahyeon-dong","37.554145, 126.956972",10/06/1879 - ,ChaMRS,차미리사,37.554145,126.956972,10/06/1879,,Cha Mi-ri-sa,"rgb(0, 130, 59)"
148,"Seoul, Mugyo-dong ","37.568103, 126.979193",1895 - ,ChaMRS,차미리사,37.568103,126.979193,1895,,Cha Mi-ri-sa,"rgb(0, 130, 59)"
149,Shanghai ,"31.219789, 121.431580",5/1901 - 1905,ChaMRS,차미리사,31.219789,121.43158,5/1901,1905,Cha Mi-ri-sa,"rgb(0, 130, 59)"
150,Pasadena,"34.147238, -118.143485",12/27/1905 -,ChaMRS,차미리사,34.147238,-118.143485,12/27/1905,,Cha Mi-ri-sa,"rgb(0, 130, 59)"
151,San Francisco,"37.775049, -122.419064",1/1907 - 3/5/1908,ChaMRS,차미리사,37.775049,-122.419064,1/1907,3/5/1908,Cha Mi-ri-sa,"rgb(0, 130, 59)"
152,Sonchon,"39.797357, 124.917404",11/1908 - ,ChaMRS,차미리사,39.797357,124.917404,11/1908,,Cha Mi-ri-sa,"rgb(0, 130, 59)"
153,Kansas City,"39.099044, -94.578514",8/2/1910 - ,ChaMRS,차미리사,39.099044,-94.578514,8/2/1910,,Cha Mi-ri-sa,"rgb(0, 130, 59)"
154,"Seoul, Naeja-dong","37.575550, 126.971514",8/1912 - ,ChaMRS,차미리사,37.57555,126.971514,8/1912,,Cha Mi-ri-sa,"rgb(0, 130, 59)"
155,Seoul,"37.565562, 126.977178",9/1919-,ChaMRS,차미리사,37.565562,126.977178,9/1919,,Cha Mi-ri-sa,"rgb(0, 130, 59)"
156,Incheon,"37.456292, 126.709357",5/29/1920 - ,ChaMRS,차미리사,37.456292,126.709357,5/29/1920,,Cha Mi-ri-sa,"rgb(0, 130, 59)"
157,Anseong-si,"37.007616, 127.279738",3/7/1921 - 3/10/1921,ChaMRS,차미리사,37.007616,127.279738,3/7/1921,3/10/1921,Cha Mi-ri-sa,"rgb(0, 130, 59)"
158,Gimhae-si,"35.228597, 128.889317",4/25/1921 - 4/26/1921,ChaMRS,차미리사,35.228597,128.889317,4/25/1921,4/26/1921,Cha Mi-ri-sa,"rgb(0, 130, 59)"
159,"Busan, Dongnae-gu","35.204657, 129.083342",4/27/1921 - ,ChaMRS,차미리사,35.204657,129.083342,4/27/1921,,Cha Mi-ri-sa,"rgb(0, 130, 59)"
160,Changnyeong-gun,"35.536528, 128.495479",4/28/1921 - ,ChaMRS,차미리사,35.536528,128.495479,4/28/1921,,Cha Mi-ri-sa,"rgb(0, 130, 59)"
161,"Seoul, Cheongjin-dong","37.571368, 126.980074",5/1921 - ,ChaMRS,차미리사,37.571368,126.980074,5/1921,,Cha Mi-ri-sa,"rgb(0, 130, 59)"
162,Seoul ,"37.568827, 126.975805",7/9/1921 - ,ChaMRS,차미리사,37.568827,126.975805,7/9/1921,,Cha Mi-ri-sa,"rgb(0, 130, 59)"
163,"Seoul, Sungnyemun Gate","37.559978, 126.975302",9/29/1921 - ,ChaMRS,차미리사,37.559978,126.975302,9/29/1921,,Cha Mi-ri-sa,"rgb(0, 130, 59)"
164,Manchuria (Jirin?) ,"43.161312, 126.385495",9/1921 - 10/1921,ChaMRS,차미리사,43.161312,126.385495,9/1921,10/1921,Cha Mi-ri-sa,"rgb(0, 130, 59)"
165,Jeju ,"33.480799, 126.484932",9/1921 - 10/1921,ChaMRS,차미리사,33.480799,126.484932,9/1921,10/1921,Cha Mi-ri-sa,"rgb(0, 130, 59)"
166,"Seoul, Cheongjin-dong","37.571368, 126.980074",10/08/1921 - ,ChaMRS,차미리사,37.571368,126.980074,10/08/1921,,Cha Mi-ri-sa,"rgb(0, 130, 59)"
167,Icheon-si,"37.271888, 127.434654",10/27/1921 - 10/28/1921,ChaMRS,차미리사,37.271888,127.434654,10/27/1921,10/28/1921,Cha Mi-ri-sa,"rgb(0, 130, 59)"
168,Cheongyang-gun,"36.450091, 126.803619",6/17/1922 - 6/18/1922,ChaMRS,차미리사,36.450091,126.803619,6/17/1922,6/18/1922,Cha Mi-ri-sa,"rgb(0, 130, 59)"
169,Gimcheon-si,"36.139538, 128.114114",9/21/1923 - 9/22/1923,ChaMRS,차미리사,36.139538,128.114114,9/21/1923,9/22/1923,Cha Mi-ri-sa,"rgb(0, 130, 59)"
170,"Seoul, Anguk-dong ","37.578093, 126.983199",12/20/1924 - ,ChaMRS,차미리사,37.578093,126.983199,12/20/1924,,Cha Mi-ri-sa,"rgb(0, 130, 59)"
171,"Seoul, Anguk-dong ","37.577248, 126.983640",1/1/1946,ChaMRS,차미리사,37.577248,126.98364,1/1/1946,,Cha Mi-ri-sa,"rgb(0, 130, 59)"
172,Seoul ,"37.568827, 126.975805",1955-,ChaMRS,차미리사,37.568827,126.975805,1955,,Cha Mi-ri-sa,"rgb(0, 130, 59)"
173,Seoul,"37.577709, 126.967836",08/30/1897,YomSS,염상섭,37.577709,126.967836,08/30/1897,,Yeom Sang-seob,"rgb(3, 137, 100)"
174,Seoul,"37.766849, 128.886451",09/1907,YomSS,염상섭,37.766849,128.886451,09/1907,,Yeom Sang-seob,"rgb(3, 137, 100)"
175,Seoul,"37.573987, 126.980443",1911-,YomSS,염상섭,37.573987,126.980443,1911,,Yeom Sang-seob,"rgb(3, 137, 100)"
176,Japan,"35.710321, 139.730458",09/12/1911,YomSS,염상섭,35.710321,139.730458,09/12/1911,,Yeom Sang-seob,"rgb(3, 137, 100)"
177,Seoul ,"37.559634, 126.853309",1913-,YomSS,염상섭,37.559634,126.853309,1913,,Yeom Sang-seob,"rgb(3, 137, 100)"
178,Kyoto,"35.011399, 135.767822",1918-,YomSS,염상섭,35.011399,135.767822,1918,,Yeom Sang-seob,"rgb(3, 137, 100)"
179,Tokyo,"35.649191, 139.743002",1918-,YomSS,염상섭,35.649191,139.743002,1918,,Yeom Sang-seob,"rgb(3, 137, 100)"
180,Osaka,"34.693352, 135.502196",1919-,YomSS,염상섭,34.693352,135.502196,1919,,Yeom Sang-seob,"rgb(3, 137, 100)"
181,Seoul,"37.569822, 126.978090",1920-,YomSS,염상섭,37.569822,126.97809,1920,,Yeom Sang-seob,"rgb(3, 137, 100)"
182,Chongju,"39.697895, 125.205605",1920-,YomSS,염상섭,39.697895,125.205605,1920,,Yeom Sang-seob,"rgb(3, 137, 100)"
183,Seoul,"37.573232, 126.983447",1924-,YomSS,염상섭,37.573232,126.983447,1924,,Yeom Sang-seob,"rgb(3, 137, 100)"
184,Seoul,"37.568606, 126.975722",1924-,YomSS,염상섭,37.568606,126.975722,1924,,Yeom Sang-seob,"rgb(3, 137, 100)"
185,Changchun,"43.814266, 125.311814",1936-,YomSS,염상섭,43.814266,125.311814,1936,,Yeom Sang-seob,"rgb(3, 137, 100)"
186,Seoul,"37.600484, 127.023679",1946-,YomSS,염상섭,37.600484,127.023679,1946,,Yeom Sang-seob,"rgb(3, 137, 100)"
187,Seoul,"37.588596, 126.993586",1947-,YomSS,염상섭,37.588596,126.993586,1947,,Yeom Sang-seob,"rgb(3, 137, 100)"
188,Seoul ,"37.622494, 126.891191",1953-,YomSS,염상섭,37.622494,126.891191,1953,,Yeom Sang-seob,"rgb(3, 137, 100)"
189,Seoul,"37.549705, 126.981590",1954- ,YomSS,염상섭,37.549705,126.98159,1954,,Yeom Sang-seob,"rgb(3, 137, 100)"
190,Seoul,"37.619667, 127.021053",1961-,YomSS,염상섭,37.619667,127.021053,1961,,Yeom Sang-seob,"rgb(3, 137, 100)"
191,Seoul,"37.590976, 127.003430",1962-,YomSS,염상섭,37.590976,127.00343,1962,,Yeom Sang-seob,"rgb(3, 137, 100)"
192,Seoul,"37.590976, 127.003430",03/14/1963,YomSS,염상섭,37.590976,127.00343,03/14/1963,,Yeom Sang-seob,"rgb(3, 137, 100)"
193,Changyon,"38.252737, 125.091362",09/02/1912,NohCHM,노천명,38.252737,125.091362,09/02/1912,,No Chun-myeong,"rgb(24, 209, 209)"
194,Seoul,"37.581592, 126.971997",1920-,NohCHM,노천명,37.581592,126.971997,1920,,No Chun-myeong,"rgb(24, 209, 209)"
195,Seoul,"37.581592, 126.971997",1926-,NohCHM,노천명,37.581592,126.971997,1926,,No Chun-myeong,"rgb(24, 209, 209)"
196,Seoul,"37.561858, 126.946808",1930-,NohCHM,노천명,37.561858,126.946808,1930,,No Chun-myeong,"rgb(24, 209, 209)"
197,Seoul,"37.572697, 126.983394",1934-,NohCHM,노천명,37.572697,126.983394,1934,,No Chun-myeong,"rgb(24, 209, 209)"
198,Jilin ,"42.784490, 129.444954",1935- ,NohCHM,노천명,42.78449,129.444954,1935,,No Chun-myeong,"rgb(24, 209, 209)"
199,Seoul ,"37.577141, 126.983583",1938-,NohCHM,노천명,37.577141,126.983583,1938,,No Chun-myeong,"rgb(24, 209, 209)"
200,Seoul,"37.579581, 126.976962",1943-,NohCHM,노천명,37.579581,126.976962,1943,,No Chun-myeong,"rgb(24, 209, 209)"
201,Seoul,"37.580471, 126.967126",1945-,NohCHM,노천명,37.580471,126.967126,1945,,No Chun-myeong,"rgb(24, 209, 209)"
202,Seoul ,"37.578513, 126.969041",1949-,NohCHM,노천명,37.578513,126.969041,1949,,No Chun-myeong,"rgb(24, 209, 209)"
203,Busan ,"35.223822, 128.949470",1951-,NohCHM,노천명,35.223822,128.94947,1951,,No Chun-myeong,"rgb(24, 209, 209)"
204,Seoul,"37.549807, 126.981419",1955-,NohCHM,노천명,37.549807,126.981419,1955,,No Chun-myeong,"rgb(24, 209, 209)"
205,Seoul,"37.588116, 127.065364",1957-,NohCHM,노천명,37.588116,127.065364,1957,,No Chun-myeong,"rgb(24, 209, 209)"
206,Seoul ,"37.578513, 126.969041",1957-,NohCHM,노천명,37.578513,126.969041,1957,,No Chun-myeong,"rgb(24, 209, 209)"
207,Songhwa,"38.344845, 125.108967",04/20/1906-1910,KangKA,강경애,38.344845,125.108967,04/20/1906,1910,Kang Kyung-ae,"rgb(2, 130, 178)"
208,Changyon,"38.25083, 125.09611",1910-1921,KangKA,강경애,38.25083,125.09611,1910,1921,Kang Kyung-ae,"rgb(2, 130, 178)"
209,Pyongyang,"39.038863, 125.762656",1921-1923,KangKA,강경애,39.038863,125.762656,1921,1923,Kang Kyung-ae,"rgb(2, 130, 178)"
210,"Seoul, Cheongjin-dong","37.571346, 126.980106",1923-1924,KangKA,강경애,37.571346,126.980106,1923,1924,Kang Kyung-ae,"rgb(2, 130, 178)"
211,Changyon,"38.25083, 125.09611",09/1924-1925,KangKA,강경애,38.25083,125.09611,09/1924,1925,Kang Kyung-ae,"rgb(2, 130, 178)"
212,"Jirin, Longjing","42.77139, 129.42333",1925-1926,KangKA,강경애,42.77139,129.42333,1925,1926,Kang Kyung-ae,"rgb(2, 130, 178)"
213,Changyon,"38.25083, 125.09611",1926-1931,KangKA,강경애,38.25083,125.09611,1926,1931,Kang Kyung-ae,"rgb(2, 130, 178)"
214,Incheon,"37.456292, 126.709357",1931-,KangKA,강경애,37.456292,126.709357,1931,,Kang Kyung-ae,"rgb(2, 130, 178)"
215,"Jirin, Longjing","42.77139, 129.42333",06/1931-1932,KangKA,강경애,42.77139,129.42333,06/1931,1932,Kang Kyung-ae,"rgb(2, 130, 178)"
216,Seoul ,"37.565562, 126.977178",1932-,KangKA,강경애,37.565562,126.977178,1932,,Kang Kyung-ae,"rgb(2, 130, 178)"
217,"Jirin, Longjing","42.77139, 129.42333",09/1932-1939,KangKA,강경애,42.77139,129.42333,09/1932,1939,Kang Kyung-ae,"rgb(2, 130, 178)"
218,Changyon,"42.77139, 129.42333",1939-1940,KangKA,강경애,42.77139,129.42333,1939,1940,Kang Kyung-ae,"rgb(2, 130, 178)"
219,Seoul ,"37.565562, 126.977178",02/1940-1944,KangKA,강경애,37.565562,126.977178,02/1940,1944,Kang Kyung-ae,"rgb(2, 130, 178)"
220,"Yeongcheon, Changgu-dong","35.967491, 128.930987",5/20/1908,PaekSA,백신애,35.967491,128.930987,5/20/1908,,Baek Shin-ae,"rgb(11, 71, 144)"
221,"Yeongcheon, Gyochon-dong","35.969566, 128.928231",5/1/1919,PaekSA,백신애,35.969566,128.928231,5/1/1919,,Baek Shin-ae,"rgb(11, 71, 144)"
222,"Daegu, Seomunno 1(il)-ga","35.872638, 128.590079",9/1/1920,PaekSA,백신애,35.872638,128.590079,9/1/1920,,Baek Shin-ae,"rgb(11, 71, 144)"
223,"Daegu, Seomunno 1(il)-ga","35.872638, 128.590079",10/1921,PaekSA,백신애,35.872638,128.590079,10/1921,,Baek Shin-ae,"rgb(11, 71, 144)"
224,"Yeongcheon, Gyochon-dong","35.969566, 128.928231",3/1/1923-3/25/1923,PaekSA,백신애,35.969566,128.928231,3/1/1923,3/25/1923,Baek Shin-ae,"rgb(11, 71, 144)"
225,"Daegu, Sangyeok-dong","35.890313, 128.611296",4/1/1923,PaekSA,백신애,35.890313,128.611296,4/1/1923,,Baek Shin-ae,"rgb(11, 71, 144)"
226,"Yeongcheon, Gyochon-dong","35.969566, 128.928231",1924-,PaekSA,백신애,35.969566,128.928231,1924,,Baek Shin-ae,"rgb(11, 71, 144)"
227,"Gyeongsan, Jain-myeon","35.821686, 128.824312",1925-,PaekSA,백신애,35.821686,128.824312,1925,,Baek Shin-ae,"rgb(11, 71, 144)"
228,"Seoul, Cheongjin-dong","37.571404, 126.980043",1/5/1926,PaekSA,백신애,37.571404,126.980043,1/5/1926,,Baek Shin-ae,"rgb(11, 71, 144)"
229,Seoul ,"37.567739, 126.979238",2/20/1926,PaekSA,백신애,37.567739,126.979238,2/20/1926,,Baek Shin-ae,"rgb(11, 71, 144)"
230,"Seoul, Guro ","37.495316, 126.887661",8/14/1926,PaekSA,백신애,37.495316,126.887661,8/14/1926,,Baek Shin-ae,"rgb(11, 71, 144)"
231,Vladivostok,"43.117510, 131.886824",가을/1926,PaekSA,백신애,43.11751,131.886824,가을/1926,,Baek Shin-ae,"rgb(11, 71, 144)"
232,Vladivostok,"43.117510, 131.886824",가을/1926,PaekSA,백신애,43.11751,131.886824,가을/1926,,Baek Shin-ae,"rgb(11, 71, 144)"
233,Tumen River ,"42.478764, 129.566553",?/1926,PaekSA,백신애,42.478764,129.566553,?/1926,,Baek Shin-ae,"rgb(11, 71, 144)"
234,Yeongcheon,"35.973332, 128.938367",10/1927,PaekSA,백신애,35.973332,128.938367,10/1927,,Baek Shin-ae,"rgb(11, 71, 144)"
235,Yeongcheon,"35.973332, 128.938367",1/1928-8/1928,PaekSA,백신애,35.973332,128.938367,1/1928,8/1928,Baek Shin-ae,"rgb(11, 71, 144)"
236,"Daegu, Yonggye-ri","35.809597, 128.622976",봄/1930,PaekSA,백신애,35.809597,128.622976,봄/1930,,Baek Shin-ae,"rgb(11, 71, 144)"
237,Tokyo,"35.690866, 139.697978",5/1930,PaekSA,백신애,35.690866,139.697978,5/1930,,Baek Shin-ae,"rgb(11, 71, 144)"
238,"Daegu, Yonggye-ri","35.809597, 128.622976",1932-,PaekSA,백신애,35.809597,128.622976,1932,,Baek Shin-ae,"rgb(11, 71, 144)"
239,"Daegu, Seongnae 2(i)-dong","35.876334, 128.593844",3/17/1933,PaekSA,백신애,35.876334,128.593844,3/17/1933,,Baek Shin-ae,"rgb(11, 71, 144)"
240,"Seoul, Jongno 2(i)-ga","37.570914, 126.985021",1/1936,PaekSA,백신애,37.570914,126.985021,1/1936,,Baek Shin-ae,"rgb(11, 71, 144)"
241,"Daegu, Banyawol ","35.866199, 128.713563",12/1936,PaekSA,백신애,35.866199,128.713563,12/1936,,Baek Shin-ae,"rgb(11, 71, 144)"
242,"Daegu, Yonggye-ri","35.809597, 128.622976",5/1938,PaekSA,백신애,35.809597,128.622976,5/1938,,Baek Shin-ae,"rgb(11, 71, 144)"
243,Qingdao,"36.069170, 120.379894",9/1938-10/15/1938,PaekSA,백신애,36.06917,120.379894,9/1938,10/15/1938,Baek Shin-ae,"rgb(11, 71, 144)"
244,Shanghai ,"31.234877, 121.476539",11/1938 ,PaekSA,백신애,31.234877,121.476539,11/1938 ,,Baek Shin-ae,"rgb(11, 71, 144)"
245,"Seoul, Nuha-dong ","37.579319, 126.968464",3/1939,PaekSA,백신애,37.579319,126.968464,3/1939,,Baek Shin-ae,"rgb(11, 71, 144)"
246,Seoul ,"37.567739, 126.979238",5/1939,PaekSA,백신애,37.567739,126.979238,5/1939,,Baek Shin-ae,"rgb(11, 71, 144)"
247,"Seoul, Yeongeon-dong","37.577749, 126.999876",5월 말/1939,PaekSA,백신애,37.577749,126.999876,5월 말/1939,,Baek Shin-ae,"rgb(11, 71, 144)"
248,"Seoul, Yeongeon-dong","37.577749, 126.999876",6/23/1939,PaekSA,백신애,37.577749,126.999876,6/23/1939,,Baek Shin-ae,"rgb(11, 71, 144)"
249,Seoul,"37.577942, 126.973068",10/25/1918,HanMS,한무숙,37.577942,126.973068,10/25/1918,,Han Mu-sook,"rgb(4, 27, 131)"
250,Busan,"35.112291, 128.967262",1936-,HanMS,한무숙,35.112291,128.967262,1936,,Han Mu-sook,"rgb(4, 27, 131)"
251,Seoul,"37.566035, 126.979248",1940-,HanMS,한무숙,37.566035,126.979248,1940,,Han Mu-sook,"rgb(4, 27, 131)"
252,Busan ,"35.178882, 129.073884",1951-,HanMS,한무숙,35.178882,129.073884,1951,,Han Mu-sook,"rgb(4, 27, 131)"
253,Seoul,"37.566035, 126.979248",1953-,HanMS,한무숙,37.566035,126.979248,1953,,Han Mu-sook,"rgb(4, 27, 131)"
254,Japan,"36.070896, 138.310393",1962-,HanMS,한무숙,36.070896,138.310393,1962,,Han Mu-sook,"rgb(4, 27, 131)"
255,Slovenia ,"46.368242, 14.114662",1965-,HanMS,한무숙,46.368242,14.114662,1965,,Han Mu-sook,"rgb(4, 27, 131)"
256,France ,"43.774282, 7.498047",1969-,HanMS,한무숙,43.774282,7.498047,1969,,Han Mu-sook,"rgb(4, 27, 131)"
257,Japan ,"35.011117, 135.768165",1971-,HanMS,한무숙,35.011117,135.768165,1971,,Han Mu-sook,"rgb(4, 27, 131)"
258,Jerusalem,"31.770438, 35.212399",1974-,HanMS,한무숙,31.770438,35.212399,1974,,Han Mu-sook,"rgb(4, 27, 131)"
259,Mexico City,"19.431750, -99.133925",1979-,HanMS,한무숙,19.43175,-99.133925,1979,,Han Mu-sook,"rgb(4, 27, 131)"
260,Hawaii,"21.305569, -157.858148",1979-,HanMS,한무숙,21.305569,-157.858148,1979,,Han Mu-sook,"rgb(4, 27, 131)"
261,America ,"38.831485, -77.311478",1980-,HanMS,한무숙,38.831485,-77.311478,1980,,Han Mu-sook,"rgb(4, 27, 131)"
262,America ,"42.377011, -71.116617",1987-,HanMS,한무숙,42.377011,-71.116617,1987,,Han Mu-sook,"rgb(4, 27, 131)"
263,Seoul ,"37.566584, 126.974442",1988-,HanMS,한무숙,37.566584,126.974442,1988,,Han Mu-sook,"rgb(4, 27, 131)"
264,"Mokpo, Juk-dong","34.792024, 126.383746",04/16/1903,PakHS,박화성,34.792024,126.383746,04/16/1903,,Park Hwa-seong,"rgb(16, 3, 144)"
265,"Mokpo, Yang-dong","34.796860, 126.380259",1907-,PakHS,박화성,34.79686,126.380259,1907,,Park Hwa-seong,"rgb(16, 3, 144)"
266,"Mokpo, Yang-dong","34.795459, 126.383514",1910-,PakHS,박화성,34.795459,126.383514,1910,,Park Hwa-seong,"rgb(16, 3, 144)"
267,Pyongyang,"39.038863, 125.762656",1912-,PakHS,박화성,39.038863,125.762656,1912,,Park Hwa-seong,"rgb(16, 3, 144)"
268,"Mokpo, Yang-dong","34.795459, 126.383514",1915-,PakHS,박화성,34.795459,126.383514,1915,,Park Hwa-seong,"rgb(16, 3, 144)"
269,"Seoul, Cheonyeon-dong","37.573504, 127.000017",1916-,PakHS,박화성,37.573504,127.000017,1916,,Park Hwa-seong,"rgb(16, 3, 144)"
270,"Seoul, Taepyeongno 1(il)-ga","37.568088, 126.976562",1916-,PakHS,박화성,37.568088,126.976562,1916,,Park Hwa-seong,"rgb(16, 3, 144)"
271,"Seoul, Taepyeongno 1(il)-ga","37.568088, 126.976562",03/1918,PakHS,박화성,37.568088,126.976562,03/1918,,Park Hwa-seong,"rgb(16, 3, 144)"
272,Cheonan,"36.813317, 127.151557",1918-,PakHS,박화성,36.813317,127.151557,1918,,Park Hwa-seong,"rgb(16, 3, 144)"
273,Asan,"36.854227, 126.953267",1918-,PakHS,박화성,36.854227,126.953267,1918,,Park Hwa-seong,"rgb(16, 3, 144)"
274,"Mokpo, Yang-dong","34.795973, 126.380091",03/1919-,PakHS,박화성,34.795973,126.380091,03/1919,,Park Hwa-seong,"rgb(16, 3, 144)"
275,Kwangju,"35.167366, 126.920516",1920-,PakHS,박화성,35.167366,126.920516,1920,,Park Hwa-seong,"rgb(16, 3, 144)"
276,Yeong-gwang,"35.273643, 126.518246",1921-,PakHS,박화성,35.273643,126.518246,1921,,Park Hwa-seong,"rgb(16, 3, 144)"
277,"Seoul, Taepyeongno 1(il)-ga","37.568088, 126.976562",1925-,PakHS,박화성,37.568088,126.976562,1925,,Park Hwa-seong,"rgb(16, 3, 144)"
278,Tokyo,"35.717156, 139.720454",04/1926 ,PakHS,박화성,35.717156,139.720454,04/1926 ,,Park Hwa-seong,"rgb(16, 3, 144)"
279,"Seoul, Chebu-dong","37.577740, 126.970712",06/1928,PakHS,박화성,37.57774,126.970712,06/1928,,Park Hwa-seong,"rgb(16, 3, 144)"
280,"Tokyo, Hongo","35.704639, 139.759668",3/1929-5/1929,PakHS,박화성,35.704639,139.759668,3/1929,5/1929,Park Hwa-seong,"rgb(16, 3, 144)"
281,Mokpo ,"34.796079, 126.378266",03/1931,PakHS,박화성,34.796079,126.378266,03/1931,,Park Hwa-seong,"rgb(16, 3, 144)"
282,Gyeongju,"35.856026, 129.224438",1933-,PakHS,박화성,35.856026,129.224438,1933,,Park Hwa-seong,"rgb(16, 3, 144)"
283,Buyeo,"36.273377, 126.907664",1933-,PakHS,박화성,36.273377,126.907664,1933,,Park Hwa-seong,"rgb(16, 3, 144)"
284,Longjing ,"42.767579, 129.412985",07/1936-,PakHS,박화성,42.767579,129.412985,07/1936,,Park Hwa-seong,"rgb(16, 3, 144)"
285,Mokpo ,"34.796079, 126.378266",05/1938,PakHS,박화성,34.796079,126.378266,05/1938,,Park Hwa-seong,"rgb(16, 3, 144)"
286,Jeju-do,"33.486710, 126.506532",1938-,PakHS,박화성,33.48671,126.506532,1938,,Park Hwa-seong,"rgb(16, 3, 144)"
287,Mokpo ,"34.794662, 126.391706",1938-,PakHS,박화성,34.794662,126.391706,1938,,Park Hwa-seong,"rgb(16, 3, 144)"
288,Mt Kumgang,"38.659233, 128.111570","07/1943, 10/1943",PakHS,박화성,38.659233,128.11157,"07/1943, 10/1943",,Park Hwa-seong,"rgb(16, 3, 144)"
289,Mokpo ,"34.794662, 126.391706",02/1947,PakHS,박화성,34.794662,126.391706,02/1947,,Park Hwa-seong,"rgb(16, 3, 144)"
290,"Seoul, Sagan-dong","37.577089, 126.980190",1948-,PakHS,박화성,37.577089,126.98019,1948,,Park Hwa-seong,"rgb(16, 3, 144)"
291,Mokpo ,"34.794662, 126.391706",1950-,PakHS,박화성,34.794662,126.391706,1950,,Park Hwa-seong,"rgb(16, 3, 144)"
292,Mokpo,"34.784903, 126.380129",1953-,PakHS,박화성,34.784903,126.380129,1953,,Park Hwa-seong,"rgb(16, 3, 144)"
293,Palpan-dong,"37.582849, 126.980711",1955-,PakHS,박화성,37.582849,126.980711,1955,,Park Hwa-seong,"rgb(16, 3, 144)"
294,"Seoul, Myeong-dong ","37.563345, 126.984548",1956-,PakHS,박화성,37.563345,126.984548,1956,,Park Hwa-seong,"rgb(16, 3, 144)"
295,"Seoul, Gwonnong-dong","37.577391, 126.991725",1957-,PakHS,박화성,37.577391,126.991725,1957,,Park Hwa-seong,"rgb(16, 3, 144)"
296,"Seoul, Inui-dong ","37.572169, 126.997437",1957-,PakHS,박화성,37.572169,126.997437,1957,,Park Hwa-seong,"rgb(16, 3, 144)"
297,"Seoul, Jeongneung-dong ","37.614576, 127.000369",1958- ,PakHS,박화성,37.614576,127.000369,1958,,Park Hwa-seong,"rgb(16, 3, 144)"
298,Cheonan,"36.756806, 127.315526",1959-,PakHS,박화성,36.756806,127.315526,1959,,Park Hwa-seong,"rgb(16, 3, 144)"
299,"Seoul, Hawolgok-dong","37.604143, 127.040942",1964-,PakHS,박화성,37.604143,127.040942,1964,,Park Hwa-seong,"rgb(16, 3, 144)"
300,Taiwan ,"23.833908, 121.017196",1965-,PakHS,박화성,23.833908,121.017196,1965,,Park Hwa-seong,"rgb(16, 3, 144)"
301,New York ,"40.712485, -74.002980",1966-,PakHS,박화성,40.712485,-74.00298,1966,,Park Hwa-seong,"rgb(16, 3, 144)"
302,Tokyo ,"35.689473, 139.691204",1968-,PakHS,박화성,35.689473,139.691204,1968,,Park Hwa-seong,"rgb(16, 3, 144)"
303,Osaka,"34.693352, 135.502883",1968-,PakHS,박화성,34.693352,135.502883,1968,,Park Hwa-seong,"rgb(16, 3, 144)"
304,Kyoto,"35.011398, 135.768852",1968-,PakHS,박화성,35.011398,135.768852,1968,,Park Hwa-seong,"rgb(16, 3, 144)"
305,Nara ,"34.684851, 135.804901",1968-,PakHS,박화성,34.684851,135.804901,1968,,Park Hwa-seong,"rgb(16, 3, 144)"
306,"Seoul, Yeongeon-dong ","37.579865, 126.998978",1969-,PakHS,박화성,37.579865,126.998978,1969,,Park Hwa-seong,"rgb(16, 3, 144)"
307,Daecheon,"36.305732, 126.516049",1975-,PakHS,박화성,36.305732,126.516049,1975,,Park Hwa-seong,"rgb(16, 3, 144)"
308,Seoul,"37.604143, 127.040942",1988-,PakHS,박화성,37.604143,127.040942,1988,,Park Hwa-seong,"rgb(16, 3, 144)"
309,Kimchaek (Seongjin),"40.668513, 129.190164",12/03/1926,ChoeJH,최정희,40.668513,129.190164,12/03/1926,,Choi Jeong-hee,"rgb(52, 18, 113)"
310,Seoul ,"37.573964, 126.984916",1924-,ChoeJH,최정희,37.573964,126.984916,1924,,Choi Jeong-hee,"rgb(52, 18, 113)"
311,"Seoul, Taepyeongno 1(il)-ga","37.568088, 126.976562",???,ChoeJH,최정희,37.568088,126.976562,???,,Choi Jeong-hee,"rgb(52, 18, 113)"
312,Tanchŏn,"40.459975, 128.903201",1927-,ChoeJH,최정희,40.459975,128.903201,1927,,Choi Jeong-hee,"rgb(52, 18, 113)"
313,Seoul,"37.568988, 126.974138",1929-,ChoeJH,최정희,37.568988,126.974138,1929,,Choi Jeong-hee,"rgb(52, 18, 113)"
314,Haman,"35.271923, 128.406962",???,ChoeJH,최정희,35.271923,128.406962,???,,Choi Jeong-hee,"rgb(52, 18, 113)"
315,Tokyo,"35.691051, 139.691871",1930-,ChoeJH,최정희,35.691051,139.691871,1930,,Choi Jeong-hee,"rgb(52, 18, 113)"
316,"Seoul, Jongno 2(i)-ga","37.570914, 126.985021",1931-,ChoeJH,최정희,37.570914,126.985021,1931,,Choi Jeong-hee,"rgb(52, 18, 113)"
317,Jeonju,"35.780068, 127.129602",02/1934-12/1935,ChoeJH,최정희,35.780068,127.129602,02/1934,12/1935,Choi Jeong-hee,"rgb(52, 18, 113)"
318,Seoul ,"37.573964, 126.984916",1941-1942,ChoeJH,최정희,37.573964,126.984916,1941,1942,Choi Jeong-hee,"rgb(52, 18, 113)"
319,Seoul ,"37.573964, 126.984916",1946-1949,ChoeJH,최정희,37.573964,126.984916,1946,1949,Choi Jeong-hee,"rgb(52, 18, 113)"
320,Seoul ,"37.573964, 126.984916",1950-,ChoeJH,최정희,37.573964,126.984916,1950,,Choi Jeong-hee,"rgb(52, 18, 113)"
321,Seoul ,"37.573964, 126.984916",1969-,ChoeJH,최정희,37.573964,126.984916,1969,,Choi Jeong-hee,"rgb(52, 18, 113)"
322,Seoul ,"37.573964, 126.984916",12/21/1990,ChoeJH,최정희,37.573964,126.984916,12/21/1990,,Choi Jeong-hee,"rgb(52, 18, 113)"
323,Hongcheon,"37.647458, 127.779464",11/24/1911,ChoeSH,최승희,37.647458,127.779464,11/24/1911,,Choi Seung-hee,"rgb(69, 2, 108)"
324,"Seoul, Taepyeongno 1(il)-ga","37.568088, 126.976562",1926-,ChoeSH,최승희,37.568088,126.976562,1926,,Choi Seung-hee,"rgb(69, 2, 108)"
325,Tokyo,"35.688817, 139.694615",05/1926,ChoeSH,최승희,35.688817,139.694615,05/1926,,Choi Seung-hee,"rgb(69, 2, 108)"
326,Seoul,"37.563859, 126.977871","1927-, 1928-",ChoeSH,최승희,37.563859,126.977871,1927,", 1928",Choi Seung-hee,"rgb(69, 2, 108)"
327,Seoul,"37.563859, 126.977871",1929-,ChoeSH,최승희,37.563859,126.977871,1929,,Choi Seung-hee,"rgb(69, 2, 108)"
328,Seoul,"37.563859, 126.977871",12/1929,ChoeSH,최승희,37.563859,126.977871,12/1929,,Choi Seung-hee,"rgb(69, 2, 108)"
329,Kaesong,"37.937907, 126.587208",02/1930,ChoeSH,최승희,37.937907,126.587208,02/1930,,Choi Seung-hee,"rgb(69, 2, 108)"
330,Seoul,"37.563859, 126.977871",03/1930,ChoeSH,최승희,37.563859,126.977871,03/1930,,Choi Seung-hee,"rgb(69, 2, 108)"
331,Seoul,"37.563859, 126.977871",10/1930,ChoeSH,최승희,37.563859,126.977871,10/1930,,Choi Seung-hee,"rgb(69, 2, 108)"
332,Daejeon,"36.351381, 127.381894",11/1930,ChoeSH,최승희,36.351381,127.381894,11/1930,,Choi Seung-hee,"rgb(69, 2, 108)"
333,New York,"40.709372, -74.008491",1930-,ChoeSH,최승희,40.709372,-74.008491,1930,,Choi Seung-hee,"rgb(69, 2, 108)"
334,Seoul,"37.563859, 126.977871",1931-,ChoeSH,최승희,37.563859,126.977871,1931,,Choi Seung-hee,"rgb(69, 2, 108)"
335,Brussels,"50.849820, 4.352446",1938-,ChoeSH,최승희,50.84982,4.352446,1938,,Choi Seung-hee,"rgb(69, 2, 108)"
336,Paris ,"48.877136, 2.300926",01/1939,ChoeSH,최승희,48.877136,2.300926,01/1939,,Choi Seung-hee,"rgb(69, 2, 108)"
337,Osaka ,"34.693775, 135.502540",10/1941,ChoeSH,최승희,34.693775,135.50254,10/1941,,Choi Seung-hee,"rgb(69, 2, 108)"
338,Tokyo,"35.688817, 139.694615",11/1941,ChoeSH,최승희,35.688817,139.694615,11/1941,,Choi Seung-hee,"rgb(69, 2, 108)"
339,Tokyo,"35.688817, 139.694615",1944-,ChoeSH,최승희,35.688817,139.694615,1944,,Choi Seung-hee,"rgb(69, 2, 108)"
340,Beijing ,"39.902387, 116.404172",1945-,ChoeSH,최승희,39.902387,116.404172,1945,,Choi Seung-hee,"rgb(69, 2, 108)"
341,Seoul,"37.563859, 126.977871",05/1946,ChoeSH,최승희,37.563859,126.977871,05/1946,,Choi Seung-hee,"rgb(69, 2, 108)"
342,Pyongyang ,"39.041749, 125.761370",07/20/1946,ChoeSH,최승희,39.041749,125.76137,07/20/1946,,Choi Seung-hee,"rgb(69, 2, 108)"
343,Beijing ,"39.902387, 116.404172",1950-,ChoeSH,최승희,39.902387,116.404172,1950,,Choi Seung-hee,"rgb(69, 2, 108)"
344,Pyongyang ,"39.041749, 125.761370",1958-,ChoeSH,최승희,39.041749,125.76137,1958,,Choi Seung-hee,"rgb(69, 2, 108)"
345,Pyongyang ,"39.041749, 125.761370",1959-,ChoeSH,최승희,39.041749,125.76137,1959,,Choi Seung-hee,"rgb(69, 2, 108)"
346,Pyongyang ,"39.041749, 125.761370",1967-,ChoeSH,최승희,39.041749,125.76137,1967,,Choi Seung-hee,"rgb(69, 2, 108)"
347,Pyongyang ,"39.041749, 125.761370",08/08/1969,ChoeSH,최승희,39.041749,125.76137,08/08/1969,,Choi Seung-hee,"rgb(69, 2, 108)"
348,"Suwon-si, Sinpung-dong","37.284836, 127.011856",4/18/1896 - 9/1910,NaHS,나혜석,37.284836,127.011856,4/18/1896,9/1910,Na Hye-seok,"rgb(188, 21, 204)"
349,"Suwon-si, Maehyang ","37.285159, 127.018990",1910- ,NaHS,나혜석,37.285159,127.01899,1910,,Na Hye-seok,"rgb(188, 21, 204)"
350,"Seoul, Hyoja-dong
","37.581592, 126.971997",9/1910 - 3/1913,NaHS,나혜석,37.581592,126.971997,9/1910,3/1913,Na Hye-seok,"rgb(188, 21, 204)"
351,"Tokyo, Kikuzaka ","35.709260, 139.757713",4/15/1913 -  summer 1914,NaHS,나혜석,35.70926,139.757713,4/15/1913, summer 1914,Na Hye-seok,"rgb(188, 21, 204)"
352,"Chiba, Bosp-hanto","35.335432, 140.166152",summer 1914 ,NaHS,나혜석,35.335432,140.166152,summer 1914 ,,Na Hye-seok,"rgb(188, 21, 204)"
353,"Yeoju-gun, Cheongsim-ro","37.298126, 127.634109",1/1915 - 1916,NaHS,나혜석,37.298126,127.634109,1/1915,1916,Na Hye-seok,"rgb(188, 21, 204)"
354,"Tokyo, Kikuzaka ","35.709260, 139.757713",-,NaHS,나혜석,35.70926,139.757713,,,Na Hye-seok,"rgb(188, 21, 204)"
355,Goheung-gun,"34.609402, 127.282781",1916- ,NaHS,나혜석,34.609402,127.282781,1916,,Na Hye-seok,"rgb(188, 21, 204)"
356,"Kyoto, Kamo River ","35.012731, 135.756663",1916-1917,NaHS,나혜석,35.012731,135.756663,1916,1917,Na Hye-seok,"rgb(188, 21, 204)"
357,"Jongno-gu, Hyoja-dong","37.581592, 126.971997",4/1918 - 8/1919,NaHS,나혜석,37.581592,126.971997,4/1918,8/1919,Na Hye-seok,"rgb(188, 21, 204)"
358,Kaesong,"37.939274, 126.587216",3/3/1919 - ,NaHS,나혜석,37.939274,126.587216,3/3/1919,,Na Hye-seok,"rgb(188, 21, 204)"
359,Pyongyang,"39.038863, 125.762656",3/4/1919 - ,NaHS,나혜석,39.038863,125.762656,3/4/1919,,Na Hye-seok,"rgb(188, 21, 204)"
360,"Seoul, Cheonyeon-dong","37.574577, 126.956050",3/5/1919-8/1919,NaHS,나혜석,37.574577,126.95605,3/5/1919,8/1919,Na Hye-seok,"rgb(188, 21, 204)"
361,"Seoul, Cheonyeon-dong","37.573504, 127.000017",8/1919 - 1920,NaHS,나혜석,37.573504,127.000017,8/1919,1920,Na Hye-seok,"rgb(188, 21, 204)"
362,"Seoul, Jeong-dong","37.565653, 126.972305",04/1920-,NaHS,나혜석,37.565653,126.972305,04/1920,,Na Hye-seok,"rgb(188, 21, 204)"
363,Goheung-gun,"34.609402, 127.282781",04/1920- ,NaHS,나혜석,34.609402,127.282781,04/1920,,Na Hye-seok,"rgb(188, 21, 204)"
364,"Seoul, Insa-dong","37.572897, 126.986622",6/28/1920 - ,NaHS,나혜석,37.572897,126.986622,6/28/1920,,Na Hye-seok,"rgb(188, 21, 204)"
365,"Seoul, Sungui-dong","37.462424, 126.648987",06/1920-,NaHS,나혜석,37.462424,126.648987,06/1920,,Na Hye-seok,"rgb(188, 21, 204)"
366,Tokyo (assumption) ,"35.695126,  139.75391",2 months 1920 ,NaHS,나혜석,35.695126,139.75391,2 months 1920 ,,Na Hye-seok,"rgb(188, 21, 204)"
367,"Seoul, taepyeongno 1(il)-ga, Jung-gu","37.567649, 126.977912",03/1921-,NaHS,나혜석,37.567649,126.977912,03/1921,,Na Hye-seok,"rgb(188, 21, 204)"
368,"Seoul, Sungui-dong","37.462424, 126.648987",1920-1921,NaHS,나혜석,37.462424,126.648987,1920,1921,Na Hye-seok,"rgb(188, 21, 204)"
369,"Liaoning, Dandong","40.000899, 124.358307",1922- ,NaHS,나혜석,40.000899,124.358307,1922,,Na Hye-seok,"rgb(188, 21, 204)"
370,Seoul,"37.565562, 126.977178",1924-,NaHS,나혜석,37.565562,126.977178,1924,,Na Hye-seok,"rgb(188, 21, 204)"
371,"Busan, Korea","35.209209,  129.08836",Spring 1927 - 6/1927,NaHS,나혜석,35.209209,129.08836,Spring 1927,6/1927,Na Hye-seok,"rgb(188, 21, 204)"
372,Seoul Train Station,"37.55387,  126.969641",6/1927 - ,NaHS,나혜석,37.55387,126.969641,6/1927,,Na Hye-seok,"rgb(188, 21, 204)"
373,"Shinuiju, Korea","40.08151,  124.467545",6/1927 - ,NaHS,나혜석,40.08151,124.467545,6/1927,,Na Hye-seok,"rgb(188, 21, 204)"
374,"Harbin, China","45.747647,  126.624467",6/1927 - ,NaHS,나혜석,45.747647,126.624467,6/1927,,Na Hye-seok,"rgb(188, 21, 204)"
375,"Moscow, Russia","55.741469,  37.615561",6/1927 - ,NaHS,나혜석,55.741469,37.615561,6/1927,,Na Hye-seok,"rgb(188, 21, 204)"
376,"Paris, France","48.859116,  2.331839",7/19/1927 - ,NaHS,나혜석,48.859116,2.331839,7/19/1927,,Na Hye-seok,"rgb(188, 21, 204)"
377,"Lake Baikal, Russia","53.921043,  108.10312",7/1927 - ,NaHS,나혜석,53.921043,108.10312,7/1927,,Na Hye-seok,"rgb(188, 21, 204)"
378,"Geneva, Switzerland","46.191574,  6.131497",7/27/1927 - ,NaHS,나혜석,46.191574,6.131497,7/27/1927,,Na Hye-seok,"rgb(188, 21, 204)"
379,"Paris, France","48.859116,  2.331839",8/14/1927 - ,NaHS,나혜석,48.859116,2.331839,8/14/1927,,Na Hye-seok,"rgb(188, 21, 204)"
380,Belgium,"50.780688,  4.792712",8/24/1927 - ,NaHS,나혜석,50.780688,4.792712,8/24/1927,,Na Hye-seok,"rgb(188, 21, 204)"
381,"The Hague, Netherlands","52.07114,  4.29916",8/24/1927 - ,NaHS,나혜석,52.07114,4.29916,8/24/1927,,Na Hye-seok,"rgb(188, 21, 204)"
382,"Paris, France","48.859116,  2.331839",8~9/ 1927 - 12/24/1927,NaHS,나혜석,48.859116,2.331839,8~9/ 1927,12/24/1927,Na Hye-seok,"rgb(188, 21, 204)"
383,"Berlin, Germany","52.52045,  13.40732",12/24/1927 - 1/4/1928,NaHS,나혜석,52.52045,13.40732,12/24/1927,1/4/1928,Na Hye-seok,"rgb(188, 21, 204)"
384,"Paris, France","48.859116,  2.331839",1/4/1928 - 3/1928,NaHS,나혜석,48.859116,2.331839,1/4/1928,3/1928,Na Hye-seok,"rgb(188, 21, 204)"
385,Italy,"44.732552,  11.077303",3/1928 - 7/1928,NaHS,나혜석,44.732552,11.077303,3/1928,7/1928,Na Hye-seok,"rgb(188, 21, 204)"
386,United Kingdom,"52.418788,  -1.247349",7/1/1928 -  8/15/1928,NaHS,나혜석,52.418788,-1.247349,7/1/1928, 8/15/1928,Na Hye-seok,"rgb(188, 21, 204)"
387,"Paris, France","48.859116,  2.331839",8/15/1928 - ,NaHS,나혜석,48.859116,2.331839,8/15/1928,,Na Hye-seok,"rgb(188, 21, 204)"
388,Spain,"40.09095,  -3.464618",8/1928 - ,NaHS,나혜석,40.09095,-3.464618,8/1928,,Na Hye-seok,"rgb(188, 21, 204)"
389,"New York, NY, USA","40.68295,  -73.9708",9/23/1928 - ,NaHS,나혜석,40.68295,-73.9708,9/23/1928,,Na Hye-seok,"rgb(188, 21, 204)"
390,"San Francisco, CA, USA","37.778008,  -122.431272",1/12/1929 - ,NaHS,나혜석,37.778008,-122.431272,1/12/1929,,Na Hye-seok,"rgb(188, 21, 204)"
391,"Hawaii, USA","19.647634,  -155.533256",2/14/1929 - ,NaHS,나혜석,19.647634,-155.533256,2/14/1929,,Na Hye-seok,"rgb(188, 21, 204)"
392,"Yokohama-shi, Japan","35.531156,  139.544629",3/3/1929 - ,NaHS,나혜석,35.531156,139.544629,3/3/1929,,Na Hye-seok,"rgb(188, 21, 204)"
393,"Tokyo, Japan","35.695126,  139.75391",3/1929 (1 week) ,NaHS,나혜석,35.695126,139.75391,3/1929 (1 week) ,,Na Hye-seok,"rgb(188, 21, 204)"
394,"Busan, Korea","35.209209,  129.08836",3/12/1929 - ,NaHS,나혜석,35.209209,129.08836,3/12/1929,,Na Hye-seok,"rgb(188, 21, 204)"
395,"Suwon-si, Namsu-dong","35.209209,  129.08836",5/1930 - ,NaHS,나혜석,35.209209,129.08836,5/1930,,Na Hye-seok,"rgb(188, 21, 204)"
396,Seoul,"37.565562, 126.977178",5/1930,NaHS,나혜석,37.565562,126.977178,5/1930,,Na Hye-seok,"rgb(188, 21, 204)"
397,"Liaoning, Shenyang","41.806014, 123.426839",1930 - ,NaHS,나혜석,41.806014,123.426839,1930,,Na Hye-seok,"rgb(188, 21, 204)"
398,"Busan, Dongnae-gu","35.204657, 129.083342",1931-,NaHS,나혜석,35.204657,129.083342,1931,,Na Hye-seok,"rgb(188, 21, 204)"
399,Mt. Kumgang,"38.656358, 128.104958",5/1931 (1 month),NaHS,나혜석,38.656358,128.104958,5/1931 (1 month),,Na Hye-seok,"rgb(188, 21, 204)"
400,Yalu River,"40.785263, 125.583335",1931 (1 week) ,NaHS,나혜석,40.785263,125.583335,1931 (1 week) ,,Na Hye-seok,"rgb(188, 21, 204)"
401,"Liaoning, Shenyang","41.806014, 123.426839",1931  - ,NaHS,나혜석,41.806014,123.426839,1931,,Na Hye-seok,"rgb(188, 21, 204)"
402,"Tokyo, Japan","35.695126,  139.75391",Autumn 1931,NaHS,나혜석,35.695126,139.75391,Autumn 1931,,Na Hye-seok,"rgb(188, 21, 204)"
403,Japan ,"35.695126,  139.75391",4/1932 - ,NaHS,나혜석,35.695126,139.75391,4/1932,,Na Hye-seok,"rgb(188, 21, 204)"
404,Mt. Kumgang,"38.656358, 128.104958",summer 1932 -,NaHS,나혜석,38.656358,128.104958,summer 1932,,Na Hye-seok,"rgb(188, 21, 204)"
405,"Seoul, Susong-dong","37.572747, 126.979642",2/4/1933 - ,NaHS,나혜석,37.572747,126.979642,2/4/1933,,Na Hye-seok,"rgb(188, 21, 204)"
406,Suwon-si,"37.284836, 127.011856",3/1935 - ,NaHS,나혜석,37.284836,127.011856,3/1935,,Na Hye-seok,"rgb(188, 21, 204)"
407,"Seoul, Chungmo-ro","37.565150, 126.992804",10/24/1935-,NaHS,나혜석,37.56515,126.992804,10/24/1935,,Na Hye-seok,"rgb(188, 21, 204)"
408,"Yesan-gun, Sudeoksa","36.663209, 126.622542",1937 - ,NaHS,나혜석,36.663209,126.622542,1937,,Na Hye-seok,"rgb(188, 21, 204)"
409,"Hapcheon-gun, Haeinsa","35.801411, 128.098031",summer and autumn 1938,NaHS,나혜석,35.801411,128.098031,summer and autumn 1938,,Na Hye-seok,"rgb(188, 21, 204)"
410,"Seoul, Donam-dong","37.600553, 127.023421",1943 - ,NaHS,나혜석,37.600553,127.023421,1943,,Na Hye-seok,"rgb(188, 21, 204)"
411,Kaesong,"37.939274, 126.587216",1944 - ,NaHS,나혜석,37.939274,126.587216,1944,,Na Hye-seok,"rgb(188, 21, 204)"
412,"Seoul, Gugi-dong","37.615168, 126.955054",10/21/1944 - ,NaHS,나혜석,37.615168,126.955054,10/21/1944,,Na Hye-seok,"rgb(188, 21, 204)"
413,"Anyang, Anyang 2(i)-dong","37.411353, 126.919370",1947 - ,NaHS,나혜석,37.411353,126.91937,1947,,Na Hye-seok,"rgb(188, 21, 204)"
414,"Seoul, Yongsan-gu, Wonhyoro ","37.540970, 126.967748",12/10/1948 - ,NaHS,나혜석,37.54097,126.967748,12/10/1948,,Na Hye-seok,"rgb(188, 21, 204)"
415,"Seoul, Sajik-dong","37.574588, 126.965390",09/23/1910,YiSang,이상,37.574588,126.96539,09/23/1910,,Lee Sang,"rgb(142, 20, 120)"
416,"Seoul, Susong-dong ","37.573970, 126.980389",1922-,YiSang,이상,37.57397,126.980389,1922,,Lee Sang,"rgb(142, 20, 120)"
417,"Seoul, Dongsung-dong","37.578970, 127.003255",1926-,YiSang,이상,37.57897,127.003255,1926,,Lee Sang,"rgb(142, 20, 120)"
418,"Seoul, Sajik-dong","37.579560, 126.977047",1929-,YiSang,이상,37.57956,126.977047,1929,,Lee Sang,"rgb(142, 20, 120)"
419,Paechon ,"37.981398, 126.296085",1933-,YiSang,이상,37.981398,126.296085,1933,,Lee Sang,"rgb(142, 20, 120)"
420,"Seoul, Cheongunhyoja-dong","37.578807, 126.970860",1933-,YiSang,이상,37.578807,126.97086,1933,,Lee Sang,"rgb(142, 20, 120)"
421,Incheon,"37.456715, 126.703865",1935-,YiSang,이상,37.456715,126.703865,1935,,Lee Sang,"rgb(142, 20, 120)"
422,Songchŏn,"39.237024, 126.212395",1935-,YiSang,이상,39.237024,126.212395,1935,,Lee Sang,"rgb(142, 20, 120)"
423,Tokyo ,"35.708088, 139.731829",10/1936- ,YiSang,이상,35.708088,139.731829,10/1936,,Lee Sang,"rgb(142, 20, 120)"
424,Tokyo ,"35.693208, 139.762099",02/1937-,YiSang,이상,35.693208,139.762099,02/1937,,Lee Sang,"rgb(142, 20, 120)"
425,"Seoul, Yeongeon-dong","37.579694, 126.998978",04/17/1937 ,YiSang,이상,37.579694,126.998978,04/17/1937 ,,Lee Sang,"rgb(142, 20, 120)"
426,Pyongyang,"39.041213, 125.763430",03/03/1914,KimSR,김사량,39.041213,125.76343,03/03/1914,,Kim Sa-ryang,"rgb(203, 3, 112)"
427,Pyongyang,"39.041213, 125.763430",1928-,KimSR,김사량,39.041213,125.76343,1928,,Kim Sa-ryang,"rgb(203, 3, 112)"
428,Tokyo,"35.708646, 139.731143",1931-,KimSR,김사량,35.708646,139.731143,1931,,Kim Sa-ryang,"rgb(203, 3, 112)"
429,Saga,"33.244616, 130.302855",1933-,KimSR,김사량,33.244616,130.302855,1933,,Kim Sa-ryang,"rgb(203, 3, 112)"
430,Tokyo,"35.712677, 139.761968",04/1936-,KimSR,김사량,35.712677,139.761968,04/1936,,Kim Sa-ryang,"rgb(203, 3, 112)"
431,Pyongyang,"39.041213, 125.763430",08/1938-,KimSR,김사량,39.041213,125.76343,08/1938,,Kim Sa-ryang,"rgb(203, 3, 112)"
432,Pyongyang,"39.041213, 125.763430",01/06/1939,KimSR,김사량,39.041213,125.76343,01/06/1939,,Kim Sa-ryang,"rgb(203, 3, 112)"
433,Beijing ,"39.908692, 116.409692",03/1939,KimSR,김사량,39.908692,116.409692,03/1939,,Kim Sa-ryang,"rgb(203, 3, 112)"
434,"Seoul, Taepyeongno 1(il)-ga","37.567923, 126.975625",04/1939,KimSR,김사량,37.567923,126.975625,04/1939,,Kim Sa-ryang,"rgb(203, 3, 112)"
435,Tokyo,"35.712677, 139.761968",06/1939,KimSR,김사량,35.712677,139.761968,06/1939,,Kim Sa-ryang,"rgb(203, 3, 112)"
436,Kamakura,"35.318930, 139.546637",04/1941,KimSR,김사량,35.31893,139.546637,04/1941,,Kim Sa-ryang,"rgb(203, 3, 112)"
437,Pyongyang,"39.041213, 125.763430",1942-,KimSR,김사량,39.041213,125.76343,1942,,Kim Sa-ryang,"rgb(203, 3, 112)"
438,Tokyo,"35.709206, 139.729082",08/28/1943-,KimSR,김사량,35.709206,139.729082,08/28/1943,,Kim Sa-ryang,"rgb(203, 3, 112)"
439,Pyongyang,"39.041213, 125.763430",04/1944,KimSR,김사량,39.041213,125.76343,04/1944,,Kim Sa-ryang,"rgb(203, 3, 112)"
440,Beijing ,"39.908692, 116.409692",06/1944-08/1944,KimSR,김사량,39.908692,116.409692,06/1944,08/1944,Kim Sa-ryang,"rgb(203, 3, 112)"
441,Beijing ,"39.908692, 116.409692",05/09/1945,KimSR,김사량,39.908692,116.409692,05/09/1945,,Kim Sa-ryang,"rgb(203, 3, 112)"
442,Xingtai,"37.092465, 114.469357",05/30/1945,KimSR,김사량,37.092465,114.469357,05/30/1945,,Kim Sa-ryang,"rgb(203, 3, 112)"
443,Taihang Shan,"36.994268, 113.927692",06/02/1945,KimSR,김사량,36.994268,113.927692,06/02/1945,,Kim Sa-ryang,"rgb(203, 3, 112)"
444,Pyongyang,"39.041213, 125.763430",08/15/1945,KimSR,김사량,39.041213,125.76343,08/15/1945,,Kim Sa-ryang,"rgb(203, 3, 112)"
445,Seoul ,"37.660257, 127.006210",12/10/1945,KimSR,김사량,37.660257,127.00621,12/10/1945,,Kim Sa-ryang,"rgb(203, 3, 112)"
446,Changwon-si,"35.213232, 128.580827",7/11/1912 - ,ChiHR,지하련,35.213232,128.580827,7/11/1912,,Ji Ha-ryeon,"rgb(132, 20, 51)"
447,"Tokyo, Higashinakano","35.711414, 139.685260",1923/1924,ChiHR,지하련,35.711414,139.68526,1923/1924,,Ji Ha-ryeon,"rgb(132, 20, 51)"
448,"Tokyo, honcho","35.697022, 139.661950",1923/1924,ChiHR,지하련,35.697022,139.66195,1923/1924,,Ji Ha-ryeon,"rgb(132, 20, 51)"
449,Tokyo (assumption) ,"35.695126,  139.75391",1929/1930 (5 years) ,ChiHR,지하련,35.695126,139.75391,1929/1930 (5 years) ,,Ji Ha-ryeon,"rgb(132, 20, 51)"
450,Pyongyang,"39.038863, 125.762656",1934 - ,ChiHR,지하련,39.038863,125.762656,1934,,Ji Ha-ryeon,"rgb(132, 20, 51)"
451,"Masan, Sangnam-dong","35.211166, 128.578156",7/11/1936 - 1/1938,ChiHR,지하련,35.211166,128.578156,7/11/1936,1/1938,Ji Ha-ryeon,"rgb(132, 20, 51)"
452,"Seoul, Changsin-dong","37.575090, 127.012236",2/1938 - ,ChiHR,지하련,37.57509,127.012236,2/1938,,Ji Ha-ryeon,"rgb(132, 20, 51)"
453,"Seoul, Hoegi-dong","37.590649, 127.054936",1939 - ,ChiHR,지하련,37.590649,127.054936,1939,,Ji Ha-ryeon,"rgb(132, 20, 51)"
454,North Korea ,"40.263731, 127.588869",before 1948 - ,ChiHR,지하련,40.263731,127.588869,before 1948,,Ji Ha-ryeon,"rgb(132, 20, 51)"
455,Manchuria (Jirin?) ,"43.161312, 126.385495",1953-,ChiHR,지하련,43.161312,126.385495,1953,,Ji Ha-ryeon,"rgb(132, 20, 51)"
456,Huichon,"40.173241, 126.277647",1960 - ,ChiHR,지하련,40.173241,126.277647,1960,,Ji Ha-ryeon,"rgb(132, 20, 51)"
